{
  "LSTM-based": {
    "MSE": 0.6091745709903275,
    "MAE": 0.7728288197908738,
    "RMSE": 0.7804963619327944,
    "MAPE": 389.8958402218021
  },
  "GRU-based": {
    "MSE": 0.6023634397371176,
    "MAE": 0.7685058805638015,
    "RMSE": 0.77612076362968,
    "MAPE": 386.6457985066859
  },
  "CNN-Based": {
    "MSE": 0.5707503813052532,
    "MAE": 0.7496946358501688,
    "RMSE": 0.7554802322399,
    "MAPE": 383.60750914181887
  },
  "BiLSTM-based": {
    "MSE": 0.5958957744583072,
    "MAE": 0.7630010602283769,
    "RMSE": 0.7719428569902744,
    "MAPE": 381.5093309928465
  },
  "BiGRU-based": {
    "MSE": 0.6148813473185339,
    "MAE": 0.7771313368695837,
    "RMSE": 0.7841437032320887,
    "MAPE": 392.44263926544204
  },
  "LSTM-Attention-based": {
    "MSE": 0.6178401638064985,
    "MAE": 0.7782458792740141,
    "RMSE": 0.7860280935224253,
    "MAPE": 394.08929941021944
  },
  "GRU-Attention-based": {
    "MSE": 0.5984089975270503,
    "MAE": 0.7652513717057094,
    "RMSE": 0.7735689998487856,
    "MAPE": 384.98161511310644
  },
  "CNN-Attention-Based": {
    "MSE": 0.41355357722341124,
    "MAE": 0.6388258182538246,
    "RMSE": 0.6430813146277936,
    "MAPE": 340.7657673830663
  },
  "BiLSTM-Attention-based": {
    "MSE": 0.6044608247839071,
    "MAE": 0.7669269840389981,
    "RMSE": 0.7774707870935776,
    "MAPE": 379.6354574556674
  },
  "BiGRU-Attention-based": {
    "MSE": 0.6376276662996455,
    "MAE": 0.7896756303074319,
    "RMSE": 0.7985159148693566,
    "MAPE": 394.40870852163806
  },
  "CNN-LSTM-based": {
    "MSE": 0.5730334993313689,
    "MAE": 0.7470751389068913,
    "RMSE": 0.7569897617084189,
    "MAPE": 371.6824855550406
  },
  "CNN-GRU-based": {
    "MSE": 0.610683419360076,
    "MAE": 0.7742674260895851,
    "RMSE": 0.7814623595286442,
    "MAPE": 390.572501636038
  },
  "CNN-BiLSTM-based": {
    "MSE": 0.5851278724054224,
    "MAE": 0.7553969591705485,
    "RMSE": 0.7649365152778513,
    "MAPE": 376.145748975444
  },
  "CNN-BiGRU-based": {
    "MSE": 0.6226937935144657,
    "MAE": 0.7827677040856483,
    "RMSE": 0.7891094939959002,
    "MAPE": 396.9125742401145
  },
  "CNN-LSTM-Attention-based": {
    "MSE": 0.5630686097061322,
    "MAE": 0.7407815868481558,
    "RMSE": 0.7503789773881809,
    "MAPE": 370.0553474311788
  },
  "CNN-GRU-Attention-based": {
    "MSE": 0.5730522688823568,
    "MAE": 0.7462355093799772,
    "RMSE": 0.757002159100195,
    "MAPE": 370.81447289854304
  },
  "CNN-BiLSTM-Attention-based": {
    "MSE": 0.5798715647531233,
    "MAE": 0.7513471446816493,
    "RMSE": 0.7614929840472092,
    "MAPE": 373.58083040197005
  },
  "CNN-BiGRU-Attention-based": {
    "MSE": 0.6104739403655238,
    "MAE": 0.771729412688371,
    "RMSE": 0.7813283179083705,
    "MAPE": 384.0612142776415
  },
  "CNN-Attention-LSTM-based": {
    "MSE": 0.5405409435766202,
    "MAE": 0.725276791734907,
    "RMSE": 0.7352148961879242,
    "MAPE": 363.7302074026819
  },
  "CNN-Attention-GRU-based": {
    "MSE": 0.5843450966953447,
    "MAE": 0.7577931009688509,
    "RMSE": 0.7644246834681261,
    "MAPE": 386.53207150576117
  },
  "CNN-Attention-BiLSTM-based": {
    "MSE": 0.5545816235738527,
    "MAE": 0.7362476140965748,
    "RMSE": 0.7447023724776581,
    "MAPE": 372.8230301140831
  },
  "CNN-Attention-BiGRU-based": {
    "MSE": 0.569152406614056,
    "MAE": 0.7458198679398184,
    "RMSE": 0.7544219022629552,
    "MAPE": 376.4412600974613
  }
}