{
  "CNN-GRU-based": {
    "MSE": 0.5758918199166515,
    "MAE": 0.7502197616313495,
    "RMSE": 0.7584233699122898,
    "MAPE": 382.78586182309044
  },
  "CNN-LSTM-based": {
    "MSE": 0.5632219280643096,
    "MAE": 0.7412354618609263,
    "RMSE": 0.7504252420731229,
    "MAPE": 377.47905801847315
  },
  "LSTM-based": {
    "MSE": 0.5533767997679585,
    "MAE": 0.7343137721802818,
    "RMSE": 0.7438677267429978,
    "MAPE": 375.9461538756333
  }
}