{
  "CNN-Attention-BiGRU-based": {
    "training_loss": [
      0.10118933022022247,
      0.09397698193788528,
      0.08635593205690384,
      0.07812415808439255,
      0.06889116764068604,
      0.058869607746601105,
      0.0481875017285347,
      0.03772008791565895,
      0.02801159955561161,
      0.020579658448696136,
      0.015848428010940552,
      0.013701585121452808,
      0.013178394176065922,
      0.01309962198138237,
      0.01309330016374588,
      0.01308112870901823,
      0.013065450824797153,
      0.013063525781035423,
      0.013057632371783257,
      0.013039735145866871
    ],
    "validation_loss": [
      0.12016766518354416,
      0.1110818088054657,
      0.10138354450464249,
      0.09051401168107986,
      0.07838954031467438,
      0.0651870146393776,
      0.05147833004593849,
      0.03796696290373802,
      0.02624324895441532,
      0.017410041764378548,
      0.012080887332558632,
      0.009827787056565285,
      0.008927817456424236,
      0.008727963082492352,
      0.008683490566909313,
      0.008722759783267975,
      0.008787967264652252,
      0.008874533697962761,
      0.008725534193217754,
      0.008777226321399212
    ]
  }
}