{
  "CNN-Based": {
    "MSE": 1.0768,
    "MAE": 1.014435,
    "RMSE": 1.037397,
    "MAPE": 6338959222551989.0
  }
}