{
  "CNN-Based": {
    "training_loss": [
      1.3735620975494385,
      1.039193868637085,
      0.9633756875991821,
      0.8897767066955566,
      0.8380169868469238,
      0.782431960105896,
      0.7806406617164612,
      0.7403886318206787,
      0.7233118414878845,
      0.693242609500885,
      0.7071689963340759,
      0.7115709185600281,
      0.6977960467338562,
      0.6731953024864197,
      0.6709999442100525,
      0.6567286849021912,
      0.6472326517105103,
      0.6238359212875366,
      0.6352911591529846,
      0.6474485397338867,
      0.6267151832580566,
      0.6168187260627747,
      0.6221905946731567,
      0.6002988815307617,
      0.5641686320304871,
      0.5771450996398926,
      0.5675375461578369,
      0.5659432411193848,
      0.5681018233299255,
      0.5961229801177979,
      0.5571708679199219,
      0.5769392251968384,
      0.5668200254440308,
      0.5680057406425476,
      0.5661944150924683,
      0.5581653118133545,
      0.5803402066230774,
      0.583873450756073,
      0.5575865507125854
    ],
    "validation_loss": [
      0.7019728422164917,
      0.5679778456687927,
      0.49081116914749146,
      0.48889854550361633,
      0.5034977197647095,
      0.4850609004497528,
      0.46967971324920654,
      0.4805598855018616,
      0.4968603849411011,
      0.48813512921333313,
      0.49695491790771484,
      0.47631141543388367,
      0.558769166469574,
      0.4964408278465271,
      0.4584173858165741,
      0.5148599147796631,
      0.4604346752166748,
      0.570427656173706,
      0.4814041256904602,
      0.5013566613197327,
      0.46713122725486755,
      0.5163715481758118,
      0.45522400736808777,
      0.47609391808509827,
      0.45131197571754456,
      0.4357249438762665,
      0.4903375208377838,
      0.5173301696777344,
      0.5034090280532837,
      0.464116632938385,
      0.4056567847728729,
      0.41088414192199707,
      0.4271255433559418,
      0.4281669855117798,
      0.4335663318634033,
      0.6430796384811401,
      0.4578132629394531,
      0.5178879499435425,
      0.4091401696205139
    ]
  }
}