{
  "LSTM-based": {
    "MSE": 7772.038273,
    "MAE": 34.310888,
    "RMSE": 34.329142,
    "MAPE": 1.5229962844590646e+17
  },
  "GRU-based": {
    "MSE": 7901.085047,
    "MAE": 35.526884,
    "RMSE": 35.571119,
    "MAPE": 1.5760038039276157e+17
  },
  "CNN-Based": {
    "MSE": 1.146737,
    "MAE": 1.062261,
    "RMSE": 1.07076,
    "MAPE": 1.3617704849575654e+16
  },
  "BiLSTM-based": {
    "MSE": 7908.551946,
    "MAE": 35.557128,
    "RMSE": 35.603349,
    "MAPE": 1.5789011030197264e+17
  },
  "BiGRU-based": {
    "MSE": 7902.547873,
    "MAE": 35.520739,
    "RMSE": 35.562314,
    "MAPE": 1.5747589489043846e+17
  },
  "LSTM-Attention-based": {
    "MSE": 7926.147349,
    "MAE": 35.612481,
    "RMSE": 35.632869,
    "MAPE": 1.580489610410792e+17
  },
  "GRU-Attention-based": {
    "MSE": 7790.827974,
    "MAE": 34.528332,
    "RMSE": 34.54491,
    "MAPE": 1.5337468092763814e+17
  },
  "CNN-Attention-Based": {
    "MSE": 7529.187058,
    "MAE": 35.752907,
    "RMSE": 35.947213,
    "MAPE": 1.5590424493114413e+17
  },
  "BiLSTM-Attention-based": {
    "MSE": 7817.56424,
    "MAE": 34.768563,
    "RMSE": 34.787169,
    "MAPE": 1.5414937166676656e+17
  },
  "BiGRU-Attention-based": {
    "MSE": 7691.784631,
    "MAE": 33.592873,
    "RMSE": 33.674424,
    "MAPE": 1.4945542263317635e+17
  },
  "CNN-LSTM-based": {
    "MSE": 7963.016845,
    "MAE": 35.942931,
    "RMSE": 35.948069,
    "MAPE": 1.5959224600800662e+17
  },
  "CNN-GRU-based": {
    "MSE": 7946.000021,
    "MAE": 35.881541,
    "RMSE": 35.889577,
    "MAPE": 1.594174453482299e+17
  },
  "CNN-BiLSTM-based": {
    "MSE": 7989.704902,
    "MAE": 36.281262,
    "RMSE": 36.286216,
    "MAPE": 1.6112517583519456e+17
  },
  "CNN-BiGRU-based": {
    "MSE": 8058.858547,
    "MAE": 37.114991,
    "RMSE": 37.127623,
    "MAPE": 1.6499284037035e+17
  },
  "CNN-LSTM-Attention-based": {
    "MSE": 7907.842126,
    "MAE": 35.437386,
    "RMSE": 35.600906,
    "MAPE": 1.5744440342862307e+17
  },
  "CNN-GRU-Attention-based": {
    "MSE": 7908.513177,
    "MAE": 35.493189,
    "RMSE": 35.623423,
    "MAPE": 1.585237816875746e+17
  },
  "CNN-BiLSTM-Attention-based": {
    "MSE": 7635.715788,
    "MAE": 34.211657,
    "RMSE": 34.230919,
    "MAPE": 1.521705945310622e+17
  },
  "CNN-BiGRU-Attention-based": {
    "MSE": 7906.743708,
    "MAE": 35.513198,
    "RMSE": 35.636104,
    "MAPE": 1.5706619987887894e+17
  },
  "CNN-Attention-LSTM-based": {
    "MSE": 7909.986184,
    "MAE": 35.426174,
    "RMSE": 35.488879,
    "MAPE": 1.5779520668531888e+17
  },
  "CNN-Attention-GRU-based": {
    "MSE": 7947.374889,
    "MAE": 35.843636,
    "RMSE": 35.848757,
    "MAPE": 1.5915561624059594e+17
  },
  "CNN-Attention-BiLSTM-based": {
    "MSE": 7964.683655,
    "MAE": 36.062167,
    "RMSE": 36.13613,
    "MAPE": 1.6077131929201904e+17
  },
  "CNN-Attention-BiGRU-based": {
    "MSE": 7947.51572,
    "MAE": 35.838989,
    "RMSE": 35.844113,
    "MAPE": 1.5913511436045686e+17
  },
  "CNN-Attention-LSTM-Attention-based": {
    "MSE": 7985.110312,
    "MAE": 36.216326,
    "RMSE": 36.227272,
    "MAPE": 1.6121510776356112e+17
  },
  "CNN-Attention-GRU-Attention-based": {
    "MSE": 7928.302089,
    "MAE": 35.655062,
    "RMSE": 35.660359,
    "MAPE": 1.583185563830932e+17
  },
  "CNN-Attention-BiLSTM-Attention-based": {
    "MSE": 7856.584671,
    "MAE": 34.951891,
    "RMSE": 35.012567,
    "MAPE": 1.5464146934226467e+17
  },
  "CNN-Attention-BiGRU-Attention-based": {
    "MSE": 7944.435981,
    "MAE": 35.81753,
    "RMSE": 35.82268,
    "MAPE": 1.5903975508025606e+17
  }
}