{
  "CNN-Attention-BiGRU-based": {
    "MSE": 0.5574107754242706,
    "MAE": 0.7387433903346284,
    "RMSE": 0.7465994745673684,
    "MAPE": 374.1958578046015
  },
  "LSTM-based": {
    "MSE": 0.6195287645447839,
    "MAE": 0.7793966170980662,
    "RMSE": 0.7871014957073731,
    "MAPE": 393.04462050049995
  },
  "GRU-based": {
    "MSE": 0.643936264749616,
    "MAE": 0.7965923506384324,
    "RMSE": 0.8024563942979182,
    "MAPE": 405.70576548363226
  },
  "CNN-Based": {
    "MSE": 0.5596784601262798,
    "MAE": 0.7409254878608866,
    "RMSE": 0.748116608642182,
    "MAPE": 374.7565500260644
  },
  "BiLSTM-based": {
    "MSE": 0.6159155526778053,
    "MAE": 0.7766328455435665,
    "RMSE": 0.7848028750443039,
    "MAPE": 390.1202947316232
  },
  "BiGRU-based": {
    "MSE": 0.6416006357808447,
    "MAE": 0.7948806190311686,
    "RMSE": 0.8009997726471867,
    "MAPE": 403.8835645803864
  },
  "LSTM-Attention-based": {
    "MSE": 0.6104476607620992,
    "MAE": 0.7731110820066478,
    "RMSE": 0.7813115004670668,
    "MAPE": 390.30655343981795
  },
  "GRU-Attention-based": {
    "MSE": 0.6256631847194789,
    "MAE": 0.783522878108761,
    "RMSE": 0.79098873868057,
    "MAPE": 395.73581304444536
  },
  "CNN-Attention-Based": {
    "MSE": 0.5638475189751407,
    "MAE": 0.7402790224430156,
    "RMSE": 0.7508978086098939,
    "MAPE": 369.0832816289803
  },
  "BiLSTM-Attention-based": {
    "MSE": 0.6284635960953677,
    "MAE": 0.784291001740033,
    "RMSE": 0.7927569590330745,
    "MAPE": 392.647869426524
  },
  "BiGRU-Attention-based": {
    "MSE": 0.6451175928263858,
    "MAE": 0.7946682813342171,
    "RMSE": 0.8031921269698713,
    "MAPE": 397.66894969812074
  },
  "CNN-LSTM-based": {
    "MSE": 0.5643810461345956,
    "MAE": 0.7425807969699129,
    "RMSE": 0.7512529841102766,
    "MAPE": 372.4903252223619
  },
  "CNN-GRU-based": {
    "MSE": 0.5930180826138973,
    "MAE": 0.7604654655209061,
    "RMSE": 0.7700766732046215,
    "MAPE": 378.82543755059305
  },
  "CNN-BiLSTM-based": {
    "MSE": 0.5929822146291216,
    "MAE": 0.7610883263586874,
    "RMSE": 0.7700533842722345,
    "MAPE": 379.96802027780274
  },
  "CNN-BiGRU-based": {
    "MSE": 0.6136483535122785,
    "MAE": 0.7732593837814531,
    "RMSE": 0.7833571047180707,
    "MAPE": 383.59629864498714
  },
  "CNN-LSTM-Attention-based": {
    "MSE": 0.5584104121652311,
    "MAE": 0.7375193858538011,
    "RMSE": 0.7472686345386317,
    "MAPE": 367.6204116884429
  },
  "CNN-GRU-Attention-based": {
    "MSE": 0.5659696476471281,
    "MAE": 0.7406719836028631,
    "RMSE": 0.7523095424405623,
    "MAPE": 365.5269141938056
  },
  "CNN-BiLSTM-Attention-based": {
    "MSE": 0.5784189681249804,
    "MAE": 0.7496891967124408,
    "RMSE": 0.7605386039675963,
    "MAPE": 370.0621382442483
  },
  "CNN-BiGRU-Attention-based": {
    "MSE": 0.6204451478902239,
    "MAE": 0.7805436691305917,
    "RMSE": 0.7876834058746089,
    "MAPE": 394.6570156307535
  },
  "CNN-Attention-LSTM-based": {
    "MSE": 0.552318420044953,
    "MAE": 0.736344390080084,
    "RMSE": 0.7431812834328869,
    "MAPE": 375.60644408937407
  },
  "CNN-Attention-GRU-based": {
    "MSE": 0.5745253536783221,
    "MAE": 0.7505939247782784,
    "RMSE": 0.7579745072746986,
    "MAPE": 381.7315981188972
  },
  "CNN-Attention-BiLSTM-based": {
    "MSE": 0.5861862706838111,
    "MAE": 0.7586494816824643,
    "RMSE": 0.7656280237059059,
    "MAPE": 386.67540975195294
  }
}