{
  "LSTM-based": {
    "MSE": 0.584835,
    "MAE": 0.74846,
    "RMSE": 0.764726,
    "MAPE": 4247834221881025.0
  },
  "GRU-based": {
    "MSE": 0.607619,
    "MAE": 0.766107,
    "RMSE": 0.77933,
    "MAPE": 380.72661800000003
  },
  "CNN-Based": {
    "MSE": 0.245537,
    "MAE": 0.443943,
    "RMSE": 0.458754,
    "MAPE": 240.69612399999997
  },
  "BiLSTM-based": {
    "MSE": 0.57587,
    "MAE": 0.74314,
    "RMSE": 0.758627,
    "MAPE": 365.427517
  },
  "BiGRU-based": {
    "MSE": 0.59506,
    "MAE": 0.757528,
    "RMSE": 0.771308,
    "MAPE": 376.44854200000003
  },
  "LSTM-Attention-based": {
    "MSE": 0.60456,
    "MAE": 0.768409,
    "RMSE": 0.777527,
    "MAPE": 391.649902
  },
  "GRU-Attention-based": {
    "MSE": 0.636544,
    "MAE": 0.789705,
    "RMSE": 0.797799,
    "MAPE": 405.133196
  },
  "CNN-Attention-Based": {
    "MSE": 0.063045,
    "MAE": 0.186017,
    "RMSE": 0.207358,
    "MAPE": 104.04741200000001
  },
  "BiLSTM-Attention-based": {
    "MSE": 0.720888,
    "MAE": 0.842874,
    "RMSE": 0.848647,
    "MAPE": 436.168584
  },
  "BiGRU-Attention-based": {
    "MSE": 0.519613,
    "MAE": 0.70192,
    "RMSE": 0.718733,
    "MAPE": 3956886975265205.5
  },
  "CNN-LSTM-based": {
    "MSE": 0.043404,
    "MAE": 0.190372,
    "RMSE": 0.208132,
    "MAPE": 121.74581200000002
  },
  "CNN-GRU-based": {
    "MSE": 0.127988,
    "MAE": 0.344127,
    "RMSE": 0.35573,
    "MAPE": 202.14176099999997
  },
  "CNN-BiLSTM-based": {
    "MSE": 0.020776,
    "MAE": 0.123092,
    "RMSE": 0.143462,
    "MAPE": 84.707888
  },
  "CNN-BiGRU-based": {
    "MSE": 0.044046,
    "MAE": 0.186411,
    "RMSE": 0.202452,
    "MAPE": 116.994314
  },
  "CNN-LSTM-Attention-based": {
    "MSE": 0.55506,
    "MAE": 0.721763,
    "RMSE": 0.744991,
    "MAPE": 358.972741
  },
  "CNN-GRU-Attention-based": {
    "MSE": 0.067505,
    "MAE": 0.227359,
    "RMSE": 0.243186,
    "MAPE": 136.125995
  },
  "CNN-BiLSTM-Attention-based": {
    "MSE": 0.558758,
    "MAE": 0.726266,
    "RMSE": 0.747419,
    "MAPE": 363.388062
  },
  "CNN-BiGRU-Attention-based": {
    "MSE": 0.118643,
    "MAE": 0.315097,
    "RMSE": 0.329781,
    "MAPE": 185.641739
  },
  "CNN-Attention-LSTM-based": {
    "MSE": 0.139783,
    "MAE": 0.362618,
    "RMSE": 0.373802,
    "MAPE": 212.162019
  },
  "CNN-Attention-GRU-based": {
    "MSE": 0.17854,
    "MAE": 0.406452,
    "RMSE": 0.41755,
    "MAPE": 234.299885
  },
  "CNN-Attention-BiLSTM-based": {
    "MSE": 0.088034,
    "MAE": 0.279235,
    "RMSE": 0.295769,
    "MAPE": 171.591435
  },
  "CNN-Attention-BiGRU-based": {
    "MSE": 0.310465,
    "MAE": 0.548758,
    "RMSE": 0.556984,
    "MAPE": 310.101572
  },
  "CNN-Attention-LSTM-Attention-based": {
    "MSE": 0.218938,
    "MAE": 0.459683,
    "RMSE": 0.46784,
    "MAPE": 260.803943
  },
  "CNN-Attention-GRU-Attention-based": {
    "MSE": 0.292251,
    "MAE": 0.532888,
    "RMSE": 0.54057,
    "MAPE": 300.275474
  },
  "CNN-Attention-BiLSTM-Attention-based": {
    "MSE": 0.712396,
    "MAE": 0.838277,
    "RMSE": 0.844029,
    "MAPE": 461.04698400000007
  },
  "CNN-Attention-BiGRU-Attention-based": {
    "MSE": 0.5889,
    "MAE": 0.761656,
    "RMSE": 0.76734,
    "MAPE": 419.09569
  }
}