{
  "LSTM-based": {
    "MSE": 1.659263,
    "MAE": 1.280912,
    "RMSE": 1.288093,
    "MAPE": 1.4914320558360588e+16
  },
  "GRU-based": {
    "MSE": 1.308347,
    "MAE": 1.123962,
    "RMSE": 1.143714,
    "MAPE": 1.137113893061186e+16
  },
  "CNN-Based": {
    "MSE": 0.987143,
    "MAE": 0.98314,
    "RMSE": 0.992836,
    "MAPE": 1.2183788421151618e+16
  },
  "BiLSTM-based": {
    "MSE": 1.328694,
    "MAE": 1.133495,
    "RMSE": 1.152677,
    "MAPE": 1.1803581065041868e+16
  },
  "BiGRU-based": {
    "MSE": 1.287256,
    "MAE": 1.116264,
    "RMSE": 1.134545,
    "MAPE": 1.0484286494847676e+16
  },
  "LSTM-Attention-based": {
    "MSE": 0.064946,
    "MAE": 0.208509,
    "RMSE": 0.251118,
    "MAPE": 3600844325114907.0
  },
  "GRU-Attention-based": {
    "MSE": 0.440708,
    "MAE": 0.642369,
    "RMSE": 0.663102,
    "MAPE": 7929795421406597.0
  },
  "CNN-Attention-Based": {
    "MSE": 2.863684,
    "MAE": 1.45464,
    "RMSE": 1.492256,
    "MAPE": 1.708631114333224e+16
  },
  "BiLSTM-Attention-based": {
    "MSE": 0.661436,
    "MAE": 0.6826,
    "RMSE": 0.810271,
    "MAPE": 4785030321221738.0
  },
  "BiGRU-Attention-based": {
    "MSE": 3.931032,
    "MAE": 1.829527,
    "RMSE": 1.982629,
    "MAPE": 1.14650570472614e+16
  },
  "CNN-LSTM-based": {
    "MSE": 0.741432,
    "MAE": 0.85018,
    "RMSE": 0.860345,
    "MAPE": 1.115957332409762e+16
  },
  "CNN-GRU-based": {
    "MSE": 0.992901,
    "MAE": 0.986726,
    "RMSE": 0.996139,
    "MAPE": 1.196856933101849e+16
  },
  "CNN-BiLSTM-based": {
    "MSE": 1.285075,
    "MAE": 1.124457,
    "RMSE": 1.131902,
    "MAPE": 1.3463977275584366e+16
  },
  "CNN-BiGRU-based": {
    "MSE": 1.422735,
    "MAE": 1.171808,
    "RMSE": 1.192774,
    "MAPE": 1.3227033537027726e+16
  },
  "CNN-LSTM-Attention-based": {
    "MSE": 0.286104,
    "MAE": 0.483433,
    "RMSE": 0.511668,
    "MAPE": 5731608393675210.0
  },
  "CNN-GRU-Attention-based": {
    "MSE": 1.350137,
    "MAE": 1.12527,
    "RMSE": 1.16193,
    "MAPE": 1.2711912061988532e+16
  },
  "CNN-BiLSTM-Attention-based": {
    "MSE": 0.954012,
    "MAE": 0.947979,
    "RMSE": 0.959765,
    "MAPE": 1.193336870895169e+16
  },
  "CNN-BiGRU-Attention-based": {
    "MSE": 0.313222,
    "MAE": 0.498235,
    "RMSE": 0.519458,
    "MAPE": 7439615196494263.0
  },
  "CNN-Attention-LSTM-based": {
    "MSE": 0.204529,
    "MAE": 0.431991,
    "RMSE": 0.452059,
    "MAPE": 7484040429615147.0
  },
  "CNN-Attention-GRU-based": {
    "MSE": 0.389115,
    "MAE": 0.608587,
    "RMSE": 0.622641,
    "MAPE": 8374984515294084.0
  },
  "CNN-Attention-BiLSTM-based": {
    "MSE": 1.510195,
    "MAE": 1.158024,
    "RMSE": 1.227435,
    "MAPE": 1.1707734708439872e+16
  },
  "CNN-Attention-BiGRU-based": {
    "MSE": 1.056934,
    "MAE": 1.01906,
    "RMSE": 1.028073,
    "MAPE": 1.265811888098631e+16
  },
  "CNN-Attention-LSTM-Attention-based": {
    "MSE": 1.165971,
    "MAE": 1.060732,
    "RMSE": 1.079452,
    "MAPE": 1.3553877851054952e+16
  },
  "CNN-Attention-GRU-Attention-based": {
    "MSE": 1.088214,
    "MAE": 1.034966,
    "RMSE": 1.043125,
    "MAPE": 1.2741993530002782e+16
  },
  "CNN-Attention-BiLSTM-Attention-based": {
    "MSE": 0.086793,
    "MAE": 0.262642,
    "RMSE": 0.294526,
    "MAPE": 5760491823974210.0
  },
  "CNN-Attention-BiGRU-Attention-based": {
    "MSE": 0.963949,
    "MAE": 0.963647,
    "RMSE": 0.981808,
    "MAPE": 1.2377598948821628e+16
  }
}