{
  "LSTM-based": {
    "MSE": 0.694281,
    "MAE": 0.821956,
    "RMSE": 0.832219,
    "MAPE": 416.952565
  },
  "GRU-based": {
    "MSE": 0.659765,
    "MAE": 0.803212,
    "RMSE": 0.811817,
    "MAPE": 407.820773
  },
  "CNN-Based": {
    "MSE": 0.016177,
    "MAE": 0.099725,
    "RMSE": 0.121979,
    "MAPE": 48.551284
  },
  "BiLSTM-based": {
    "MSE": 0.545935,
    "MAE": 0.726345,
    "RMSE": 0.738866,
    "MAPE": 362.752247
  },
  "BiGRU-based": {
    "MSE": 0.612937,
    "MAE": 0.773857,
    "RMSE": 0.782585,
    "MAPE": 393.062576
  },
  "LSTM-Attention-based": {
    "MSE": 0.411784,
    "MAE": 0.63134,
    "RMSE": 0.641614,
    "MAPE": 325.49302
  },
  "GRU-Attention-based": {
    "MSE": 0.493807,
    "MAE": 0.694441,
    "RMSE": 0.702633,
    "MAPE": 358.122654
  },
  "CNN-Attention-Based": {
    "MSE": 0.019429,
    "MAE": 0.113189,
    "RMSE": 0.136503,
    "MAPE": 50.36077100000001
  },
  "BiLSTM-Attention-based": {
    "MSE": 0.372812,
    "MAE": 0.602109,
    "RMSE": 0.610535,
    "MAPE": 310.584179
  },
  "BiGRU-Attention-based": {
    "MSE": 0.388521,
    "MAE": 0.615244,
    "RMSE": 0.62316,
    "MAPE": 318.56368299999997
  },
  "CNN-LSTM-based": {
    "MSE": 0.011994,
    "MAE": 0.087989,
    "RMSE": 0.109492,
    "MAPE": 42.710691
  },
  "CNN-GRU-based": {
    "MSE": 0.010437,
    "MAE": 0.081126,
    "RMSE": 0.101934,
    "MAPE": 44.313556999999996
  },
  "CNN-BiLSTM-based": {
    "MSE": 0.012146,
    "MAE": 0.088666,
    "RMSE": 0.110197,
    "MAPE": 42.069146
  },
  "CNN-BiGRU-based": {
    "MSE": 0.010147,
    "MAE": 0.080154,
    "RMSE": 0.100675,
    "MAPE": 42.620412
  },
  "CNN-LSTM-Attention-based": {
    "MSE": 0.342448,
    "MAE": 0.430304,
    "RMSE": 0.449521,
    "MAPE": 231.28914200000003
  },
  "CNN-GRU-Attention-based": {
    "MSE": 0.096908,
    "MAE": 0.237119,
    "RMSE": 0.259487,
    "MAPE": 132.709175
  },
  "CNN-BiLSTM-Attention-based": {
    "MSE": 0.019011,
    "MAE": 0.113248,
    "RMSE": 0.136674,
    "MAPE": 52.865315
  },
  "CNN-BiGRU-Attention-based": {
    "MSE": 0.014282,
    "MAE": 0.096748,
    "RMSE": 0.118576,
    "MAPE": 49.995269
  },
  "CNN-Attention-LSTM-based": {
    "MSE": 0.012204,
    "MAE": 0.088758,
    "RMSE": 0.110448,
    "MAPE": 45.906824
  },
  "CNN-Attention-GRU-based": {
    "MSE": 0.013085,
    "MAE": 0.092499,
    "RMSE": 0.114387,
    "MAPE": 44.430093
  },
  "CNN-Attention-BiLSTM-based": {
    "MSE": 0.013049,
    "MAE": 0.09232,
    "RMSE": 0.11423,
    "MAPE": 44.468115000000004
  },
  "CNN-Attention-BiGRU-based": {
    "MSE": 0.013181,
    "MAE": 0.092174,
    "RMSE": 0.113968,
    "MAPE": 49.65688
  },
  "CNN-Attention-LSTM-Attention-based": {
    "MSE": 0.009979,
    "MAE": 0.079123,
    "RMSE": 0.099892,
    "MAPE": 46.841018
  },
  "CNN-Attention-GRU-Attention-based": {
    "MSE": 0.010119,
    "MAE": 0.079939,
    "RMSE": 0.100591,
    "MAPE": 46.444896
  },
  "CNN-Attention-BiLSTM-Attention-based": {
    "MSE": 0.010566,
    "MAE": 0.082059,
    "RMSE": 0.102792,
    "MAPE": 45.570726
  },
  "CNN-Attention-BiGRU-Attention-based": {
    "MSE": 0.010289,
    "MAE": 0.080798,
    "RMSE": 0.101435,
    "MAPE": 45.894081
  }
}